<?xml version="1.0" encoding="UTF-8" standalone="yes"?>
<addon id="plugin.video.playserial.cz"
       name="PlaySerialCZ"
       version="1.0.7"
       provider-name="Ivo Brhel">
  <requires>
    <import addon="xbmc.python" version="1.0"/>
    <import addon="script.module.stream.resolver" version="1.4.2" />
  </requires>
  <extension point="xbmc.python.pluginsource"
             provides="video"
             library="default.py">
    <provides>video</provides>
  </extension>
  <extension point="xbmc.addon.metadata">
    <summary lang="en">playserial.cz</summary>
    <summary lang="cs">playserial.cz</summary>
    <description lang="en">Watch online PlaySerial.CZ</description>
    <description lang="cs">Sledujte online scénky PlaySerial.CZ</description>
    <platform>all</platform>
  </extension>
</addon>
