<?xml version="1.0" encoding="UTF-8" standalone="yes"?>
<addon id="plugin.video.dmd-czech.joj"
       name="JOJ TV Archiv"
       version="1.8"
       provider-name="Jiri Vyhnalek">
  <requires>
    <import addon="xbmc.python" version="1.0"/>
    <import addon="script.module.dmd-czech.common" version="0.3"/>
  </requires>
  <extension point="xbmc.python.pluginsource" library="default.py">
    <provides>video</provides>
  </extension>
  <extension point="xbmc.addon.metadata">
    <platform>all</platform>
    <summary>JOJ TV video-archive plugin</summary>
    <summary lang="cs">JOJ TV - archiv</summary>
    <description>
        Plugin to play TV video archive joj.sk
    </description>
    <description lang="cs">
        Plugin pro přehrávání videí z archivu joj.sk
    </description>
  </extension>
</addon>