<?xml version="1.0" encoding="UTF-8" standalone="yes"?>
<addon id="script.module.dmd-czech.common" name="dmd-czech common python modules" version="1.3" provider-name="Jiri Vyhnalek">
  <requires>
    <import addon="xbmc.python" version="2.0" />
  </requires>
  <extension point="xbmc.python.module" library="lib" />
  <extension point="xbmc.addon.metadata">
    <summary>dmd-czech plugins common python modules</summary>
    <description>Common python modules pack that is used by dmd-czech plugins</description>
    <license>GNU GPL</license>
    <platform>all</platform>
  </extension>
</addon>