<?xml version="1.0" encoding="UTF-8" standalone="yes"?>
<addon id="plugin.video.rajfilmy.cz"
       name="Rajfilmy.cz"
       version="1.0.2"
       provider-name="Ivo Brhel">
  <requires>
    <import addon="xbmc.python" version="1.0"/>
    <import addon="script.module.stream.resolver" version="1.3.12"/>
  </requires>
  <extension point="xbmc.python.pluginsource"
             provides="video"
             library="default.py">
    <provides>video</provides>
  </extension>
  <extension point="xbmc.addon.metadata">
    <summary lang="en">rajfilmy.cz</summary>
    <summary lang="cs">rajfilmy.cz</summary>
    <description lang="en">Watch online www.rajfilmy.cz</description>
    <description lang="cs">Sledujte online www.rajfilmy.cz</description>
    <platform>all</platform>
  </extension>
</addon>
