<?xml version="1.0" encoding="UTF-8" standalone="yes"?>
<addon id="plugin.video.dmd-czech.stv"
       name="STV Archiv"
       version="0.3"
       provider-name="Jiri Vyhnalek, mx3L">
  <requires>
    <import addon="xbmc.python" version="1.0"/>
    <import addon="script.module.dmd-czech.common" version="0.5"/>
  </requires>
  <extension point="xbmc.python.pluginsource" library="default.py">
    <provides>video</provides>
  </extension>
  <extension point="xbmc.addon.metadata">
    <platform>all</platform>
    <summary>STV video-archive plugin</summary>
    <summary lang="cs">STV - archiv</summary>
    <description>
        Plugin to play TV video archive www.stv.sk
    </description>
    <description lang="cs">
        Plugin pro přehrávání videí z archivu www.stv.sk
    </description>
  </extension>
</addon>