<?xml version="1.0" encoding="UTF-8" standalone="yes"?>
<addon id="plugin.video.ta3"
       name="TA3 Archiv"
       version="1.00"
       provider-name="mx3L">
  <requires>
    <import addon="xbmc.python" version="1.0"/>
    <import addon="script.module.dmd-czech.common" version="1.0"/>
  </requires>
  <extension point="xbmc.python.pluginsource" library="default.py">
    <provides>video</provides>
  </extension>
  <extension point="xbmc.addon.metadata">
    <platform>all</platform>
    <summary>Nova TV video-archive plugin</summary>
    <summary lang="cs">TA3 - archiv</summary>
    <description>
        Plugin to play TV video archive ta3.sk
    </description>
    <description lang="cs">
        Plugin pro přehrávání videí z archivu TA3
    </description>
  </extension>
</addon>